display_name,caption
ring_193.jpg,"A delicate gold ring with three small diamonds set in a cluster design. The ring is simple and elegant, perfect for everyday wear."
ring_187.jpg,"A classic white gold band ring with two sparkling diamonds. The ring is minimalist and modern, perfect for a simple and timeless look."
ring_171.jpg,"A stunning diamond ring and band set, featuring a square-cut center stone surrounded by smaller diamonds. The ring is perfect for a special occasion, like a wedding or anniversary."
ring_165.jpg,"A simple white gold ring with two small diamonds set in a flowing design. The ring is dainty and feminine, perfect for everyday wear."
necklace_88.jpg,A stunning gold and diamond necklace featuring intricate designs and delicate pearls. The necklace is perfect for a special occasion and adds a touch of elegance to any outfit.
necklace_83.jpg,"A beautiful necklace featuring a cascading design of diamonds and sapphires. The necklace is intricate and elegant, perfect for a special occasion."
necklace_76.jpg,A delicate gold and diamond necklace with a beautiful pendant design. The necklace is perfect for everyday wear and adds a touch of sparkle to any outfit.
necklace_50.jpg,"A simple and elegant gold crown necklace, perfect for adding a touch of royalty to any outfit."
necklace_39.jpg,A beautiful gold paisley necklace with a delicate diamond design. The necklace is perfect for a special occasion and adds a touch of elegance to any outfit.
